<?xml version="1.0" encoding="UTF-8" standalone="yes" ?>
<RunHistory>
	<Folder LastRunTime="26 Nov 2017 16:44:09" RunCount="3" Location="G:\执行项目\项目管理\文档 归档\哈局文档\项目照片\哈职教基地 照片"/>
	<Folder LastRunTime="12 Dec 2017 16:10:39" RunCount="2" Location="C:\Program Files (x86)\Sybase\PowerDesigner 15"/>
	<File LastRunTime="13 Dec 2017 02:50:05" RunCount="2" Location="E:\base\云下载\BaiduNetdiskDownload\02第二讲：使用Visio绘制功能模块图\02第二讲：使用Visio绘制功能模块图\CRM第二讲.doc"/>
	<File LastRunTime="13 Dec 2017 02:50:07" RunCount="2" Location="E:\base\网页下载\CRM需求文档.docx"/>
	<Folder LastRunTime="28 Dec 2017 03:10:06" RunCount="1" Location="E:\base\云下载\BaiduNetdiskDownload\02第二讲：使用Visio绘制功能模块图"/>
	<Folder LastRunTime="05 Dec 2017 04:20:40" RunCount="1" Location="E:\$RECYCLE.BIN\S-1-5-21-2665676409-2535648330-2001089530-1000\$REDKC0R\database\install\access\jdk"/>
	<Folder LastRunTime="05 Dec 2017 04:20:14" RunCount="1" Location="C:\Users\len\AppData\LocalLow\Oracle\Java\jdk9.0.1_x64"/>
	<Folder LastRunTime="12 Dec 2017 16:11:21" RunCount="1" Location="C:\ProgramData\PowerDesigner 15"/>
	<Folder LastRunTime="12 Dec 2017 16:11:36" RunCount="1" Location="D:\PowerDesigner 15"/>
	<Folder LastRunTime="16 Dec 2017 05:36:59" RunCount="1" Location="C:\Qt\Qt5.4.2\Tools\QtCreator"/>
	<Folder LastRunTime="16 Dec 2017 05:38:33" RunCount="1" Location="D:\ubuntu12.04"/>
	<Folder LastRunTime="28 Dec 2017 03:10:00" RunCount="1" Location="C:\ProgramData\PowerDesigner 15\NMap\visio2"/>
	<File LastRunTime="01 Dec 2017 04:30:35" RunCount="1" Location="G:\资料\6.车辆文档\地铁\松江有轨电车\有轨电车\技术规格书2015-3-24（终版）\14试验与测试(14.3.4-21应急牵引ok).pdf"/>
	<File LastRunTime="19 Dec 2017 07:26:25" RunCount="1" Location="C:\Windows\Microsoft.NET\Framework\v4.0.30319\cvtres.exe"/>
	<File LastRunTime="01 Dec 2017 04:33:50" RunCount="1" Location="G:\1\新华控制技术\工程说明\PowerSys说明书-V6.6-pdf\实施卷\项目过程文档\内部文档\FAT验收测试大纲（县调）.doc"/>
	<File LastRunTime="01 Dec 2017 04:31:46" RunCount="1" Location="C:\ProgramData\Microsoft\Windows\Start Menu\Programs\Microsoft Visual Studio 2010\Microsoft 测试管理器 2010.lnk"/>
	<File LastRunTime="23 Feb 2018 06:22:27" RunCount="1" Location="C:\Program Files (x86)\Office 2007\Office12\WINWORD.EXE"/>
</RunHistory>
