<?xml version="1.0" encoding="UTF-8" standalone="yes" ?>
<SearchHistory>
	<Search LastSearchTime="01 Dec 2017 04:36:41" SearchCount="6" SearchString="测试"/>
	<Search LastSearchTime="13 Dec 2017 02:50:07" SearchCount="4" SearchString="CRM"/>
	<Search LastSearchTime="12 Dec 2017 16:11:36" SearchCount="4" SearchString="powerdesigner"/>
	<Search LastSearchTime="26 Nov 2017 16:44:09" SearchCount="4" SearchString="照片"/>
	<Search LastSearchTime="23 Feb 2018 06:22:36" SearchCount="3" SearchString="word"/>
	<Search LastSearchTime="19 Dec 2017 07:26:45" SearchCount="2" SearchString="cvtres.exe"/>
	<Search LastSearchTime="05 Dec 2017 04:20:40" SearchCount="2" SearchString="jdk"/>
	<Search LastSearchTime="28 Dec 2017 03:10:06" SearchCount="2" SearchString="visio"/>
	<Search LastSearchTime="05 Dec 2017 04:19:53" SearchCount="1" SearchString="9.0.1"/>
	<Search LastSearchTime="16 Dec 2017 05:36:59" SearchCount="1" SearchString="qt creator"/>
	<Search LastSearchTime="16 Dec 2017 05:38:33" SearchCount="1" SearchString="ubun"/>
</SearchHistory>
